{
  "generated_at": "2026-04-29T01:44:04.378823+00:00",
  "config": {
    "feature_cols": [
      "l1_otc",
      "l2_wastewater",
      "l3_search",
      "temperature"
    ],
    "n_normal_weeks": 44,
    "epochs": 100,
    "threshold_percentile": 95.0,
    "n_artificial_spikes": 5
  },
  "training": {
    "loss_first": 0.0952378697693348,
    "loss_last": 0.019314123317599297,
    "loss_curve_tail": [
      0.02609038818627596,
      0.020631876774132252,
      0.022883912548422813,
      0.01950331125408411,
      0.019361767917871475,
      0.019474783912301064,
      0.02172845136374235,
      0.018148567527532578,
      0.019847138784825802,
      0.019314123317599297
    ],
    "threshold": 0.04673492908477783
  },
  "evaluation": {
    "tp": 5,
    "fp": 64,
    "fn": 0,
    "tn": 35,
    "precision": 0.07246376811594203,
    "recall": 1.0,
    "f1": 0.13513513513513511,
    "max_error": 0.4218662977218628,
    "mean_error_normal": 0.16506250202655792,
    "mean_error_anomaly": 0.36557745933532715
  }
}