{
  "generated_at": "2026-04-29T02:55:07.449842+00:00",
  "config": {
    "data_source": "real_db",
    "feature_cols": [
      "l1_otc",
      "l2_wastewater",
      "l3_search",
      "temperature"
    ],
    "n_normal_rows": 217,
    "epochs": 100,
    "threshold_percentile": 99.0,
    "n_artificial_spikes": 5,
    "min_rows": 50
  },
  "training": {
    "loss_first": 0.12317632351602827,
    "loss_last": 0.002505045184599502,
    "loss_curve_tail": [
      0.002680446703120002,
      0.0026771147469324724,
      0.002609640609339944,
      0.002579273539595306,
      0.0026394301426729988,
      0.002634288776399834,
      0.0026829640181469066,
      0.002532071076400046,
      0.002543746693325894,
      0.002505045184599502
    ],
    "threshold": 0.020615946501493454,
    "train_stats": {
      "l1_mean": 30.945537567138672,
      "l1_std": 14.454236030578613,
      "l2_mean": 11.9292631149292,
      "l2_std": 14.315630912780762,
      "l3_mean": 6.9474196434021,
      "l3_std": 5.169506072998047
    }
  },
  "evaluation": {
    "tp": 5,
    "fp": 93,
    "fn": 0,
    "tn": 6,
    "precision": 0.05102040816326531,
    "recall": 1.0,
    "f1": 0.09708737864077671,
    "max_error": 1.0385239124298096,
    "mean_error_normal": 0.2588953673839569,
    "mean_error_anomaly": 0.6322032809257507,
    "real_data_inference": {
      "anomaly": 1,
      "warning": 0,
      "normal": 16,
      "top3_by_error": [
        {
          "region": "대전광역시",
          "error": 0.02361,
          "status": "anomaly"
        },
        {
          "region": "충청북도",
          "error": 0.007586,
          "status": "normal"
        },
        {
          "region": "서울특별시",
          "error": 0.004905,
          "status": "normal"
        }
      ]
    }
  }
}