{
  "generated_at": "2026-04-24T08:05:51.625452+00:00",
  "config": {
    "feature_cols": [
      "l1_otc",
      "l2_wastewater",
      "l3_search",
      "temperature"
    ],
    "n_normal_weeks": 44,
    "epochs": 100,
    "threshold_percentile": 95.0,
    "n_artificial_spikes": 5
  },
  "training": {
    "loss_first": 0.08149294182658195,
    "loss_last": 0.017965853214263916,
    "loss_curve_tail": [
      0.021401146426796913,
      0.017894144635647535,
      0.018568641506135464,
      0.01795125100761652,
      0.017952611669898033,
      0.01763785071671009,
      0.01667175441980362,
      0.018401332199573517,
      0.01604884071275592,
      0.017965853214263916
    ],
    "threshold": 0.049728475511074066
  },
  "evaluation": {
    "tp": 5,
    "fp": 55,
    "fn": 0,
    "tn": 44,
    "precision": 0.08333333333333333,
    "recall": 1.0,
    "f1": 0.15384615384615385,
    "max_error": 0.3912934362888336,
    "mean_error_normal": 0.14685244858264923,
    "mean_error_anomaly": 0.338920533657074
  }
}