{
  "method": "non-parametric percentile bootstrap",
  "n_resamples": 1000,
  "seed": 42,
  "data_basis": "per_region",
  "canonical_source": "analysis/outputs/backtest_17regions.json",
  "n_regions": 17,
  "results": {
    "recall": {
      "mean": 0.8823647058823529,
      "std": 0.09301444740722051,
      "ci_lower": 0.8339176470588234,
      "ci_upper": 0.9239804411764706,
      "bootstrap_mean": 0.881769294117647,
      "bootstrap_std": 0.02219607283514998,
      "n": 17,
      "threshold": {
        "op": ">=",
        "value": 0.85,
        "status": "borderline"
      },
      "raw_values": [
        0.7647,
        0.9412,
        1.0,
        0.9412,
        0.8235,
        0.9412,
        0.9412,
        0.7059,
        1.0,
        0.8824,
        0.9412,
        0.9412,
        0.8235,
        0.7059,
        0.8235,
        0.8824,
        0.9412
      ]
    },
    "precision": {
      "mean": 0.9401352941176471,
      "std": 0.03349912202536937,
      "ci_lower": 0.9251291176470589,
      "ci_upper": 0.9558416176470587,
      "bootstrap_mean": 0.9399687294117647,
      "bootstrap_std": 0.008170030832454028,
      "n": 17,
      "threshold": null,
      "raw_values": [
        1.0,
        0.9412,
        0.8947,
        0.9412,
        0.9333,
        0.9412,
        1.0,
        0.9231,
        0.8947,
        0.9375,
        0.8889,
        0.9412,
        0.9333,
        1.0,
        0.9333,
        0.9375,
        0.9412
      ]
    },
    "f1": {
      "mean": 0.9068411764705884,
      "std": 0.04682957210491477,
      "ci_lower": 0.8839761764705883,
      "ci_upper": 0.9255373529411766,
      "bootstrap_mean": 0.906881994117647,
      "bootstrap_std": 0.010949684576040147,
      "n": 17,
      "threshold": {
        "op": ">=",
        "value": 0.8,
        "status": "pass"
      },
      "raw_values": [
        0.8667,
        0.9412,
        0.9444,
        0.9412,
        0.875,
        0.9412,
        0.9697,
        0.8,
        0.9444,
        0.9091,
        0.9143,
        0.9412,
        0.875,
        0.8276,
        0.875,
        0.9091,
        0.9412
      ]
    },
    "far_gate_on": {
      "mean": 0.25,
      "std": 0.15309310892394862,
      "ci_lower": 0.17647058823529413,
      "ci_upper": 0.3088235294117647,
      "bootstrap_mean": 0.25020588235294117,
      "bootstrap_std": 0.0349475987223123,
      "n": 17,
      "threshold": {
        "op": "<",
        "value": 0.3,
        "status": "borderline"
      },
      "raw_values": [
        0.0,
        0.25,
        0.5,
        0.25,
        0.25,
        0.25,
        0.0,
        0.25,
        0.5,
        0.25,
        0.5,
        0.25,
        0.25,
        0.0,
        0.25,
        0.25,
        0.25
      ]
    },
    "mcc": {
      "mean": 0.6097117647058824,
      "std": 0.11702112994216549,
      "ci_lower": 0.5578385294117647,
      "ci_upper": 0.6665313235294118,
      "bootstrap_mean": 0.6102662882352942,
      "bootstrap_std": 0.027296707499202343,
      "n": 17,
      "threshold": null,
      "raw_values": [
        0.6183,
        0.6912,
        0.6689,
        0.6912,
        0.4985,
        0.6912,
        0.8677,
        0.3686,
        0.6689,
        0.583,
        0.4951,
        0.6912,
        0.4985,
        0.5601,
        0.4985,
        0.583,
        0.6912
      ]
    }
  },
  "timestamp": "2026-05-17"
}